library_member,variantId,mhc_ii_allele,gene_name,ashion_id,file,peptide,sequence,effectId
TM2_19923,chr5 g.140723895A>C,HLA-DQB1*03:03,PCDHGA3,C038_0044,C038_0044_merged_Ashion_Research_Peptide.varCode.csv,wtPept8,REELCAQIPLCLVKI,ENST00000253812_p.I99L
TM2_10590,chr17 g.1939340G>A,HLA-DQB1*03:03,DPH1,C038_0044,C038_0044_merged_Ashion_Research_Peptide.varCode.csv,mutPept9,CVDDFTARTLGADFL,ENST00000263083_p.A124T|ENST00000570477_p.A44T
TM2_15256,chr4 g.57881725C>T,HLA-DQB1*03:03,POLR2B,C038_0044,C038_0044_merged_Ashion_Research_Peptide.varCode.csv,wtPept7,IYTDAGRICRPLLIV,ENST00000314595_p.R620C|ENST00000381227_p.R620C|ENST00000431623_p.R545C|ENST00000441246_p.R613C
TM2_01199,chr17 g.7577539G>A,HLA-DQB1*03:03,TP53,C038_0044,C038_0044_merged_Ashion_Research_Peptide.varCode.csv,mutPept7,CMGGMNWRPILTIIT,ENST00000269305_p.R248W|ENST00000359597_p.R248W|ENST00000420246_p.R248W|ENST00000445888_p.R248W|ENST00000455263_p.R248W
TM2_10592,chr17 g.5290783T>G,HLA-DQB1*03:03,NUP88,C038_0044,C038_0044_merged_Ashion_Research_Peptide.varCode.csv,mutPept9,LSYCREERNSLREMA,ENST00000573584_p.K613N
TM2_10584,chr14 g.79434660G>A,HLA-DQB1*03:03,NRXN3,C038_0044,C038_0044_merged_Ashion_Research_Peptide.varCode.csv,mutPept9,DLINDALHQSGQIER,ENST00000335750_p.R665Q|ENST00000554719_p.R665Q
TM2_24483,chr11 g.64504448C>T,HLA-DQB1*03:03,RASGRP2,C038_0044,C038_0044_merged_Ashion_Research_Peptide.varCode.csv,wtPept9,TGNYGNYRRRLAACV,ENST00000354024_p.R291H|ENST00000377494_p.R291H|ENST00000377497_p.R291H|ENST00000394432_p.R291H
TM2_01202,chr19 g.57175704G>A,HLA-DQB1*03:03,ZNF835,C038_0044,C038_0044_merged_Ashion_Research_Peptide.varCode.csv,mutPept7,QCAKAFVQIAHLTQH,ENST00000537055_p.A288V
TM2_15242,chr18 g.44268857C>T,HLA-DQB1*03:03,ST8SIA5,C038_0044,C038_0044_merged_Ashion_Research_Peptide.varCode.csv,wtPept7,LSRCCNAPAFLFTTQ,ENST00000315087_p.A113T|ENST00000536490_p.A82T|ENST00000538168_p.A149T
TM2_15235,chr16 g.57787043C>T,HLA-DQB1*03:03,KATNB1,C038_0044,C038_0044_merged_Ashion_Research_Peptide.varCode.csv,wtPept7,YVVDLTRVTRTGTVA,ENST00000379661_p.R304C
TM2_01236,chr20 g.57766219_57766220insC,HLA-DQB1*03:03,ZNF831,C038_0044_022773_PB_Whole_C1_K1ID2_B20571-C038_0044_022773_LU_Whole_T2_K1ID2_B20528,C038_0044_merged_Ashion_Research_Peptide.varCode.csv,mutPept7,QGLAPPHCVPEGPAH,ENST00000371030_p.T52fs
TM2_19877,chr16 g.4016491G>A,HLA-DQB1*06:02,ADCY9,C038_0044,C038_0044_merged_Ashion_Research_Peptide.varCode.csv,wtPept8,TIGATYMAASGLNTA,ENST00000294016_p.A1116V
TM2_24536,chrX g.71358732G>A,HLA-DQB1*06:02,NHSL2,C038_0044,C038_0044_merged_Ashion_Research_Peptide.varCode.csv,wtPept9,EAATLLVARDNPAGC,ENST00000373677_p.R79H|ENST00000510661_p.R214H|ENST00000535692_p.R79H|ENST00000540800_p.R445H
TM2_01201,chr18 g.44268857C>T,HLA-DQB1*06:02,ST8SIA5,C038_0044,C038_0044_merged_Ashion_Research_Peptide.varCode.csv,mutPept7,LSRCCNTPAFLFTTQ,ENST00000315087_p.A113T|ENST00000536490_p.A82T|ENST00000538168_p.A149T
