library_member,sequence,allele,mhc_ii_allele,effectId,variantId,gene_name,peptide,ashion_id
TM2_01099,EKFDPDVTQFIEFSK,HLA-C*04:01,NA,ENST00000283254_p.A1804V|ENST00000360093_p.A1804V|ENST00000409101_p.A1755V|ENST00000540861_p.A287V,chr2 g.165947252G>A,SCN3A,mutPept7,C038_0038
TM2_01106,FNDDQSHPYFVIQYE,HLA-A*01:01,NA,ENST00000295924_p.Y641H|ENST00000461166_p.Y641H|ENST00000486483_p.Y641H|ENST00000542783_p.Y641H,chr3 g.156422867T>C,TIPARP,mutPept7,C038_0038
TM2_10511,DEGQEPAGYGDPQGG,HLA-B*18:01,NA,ENST00000255992_p.C47Y|ENST00000319551_p.C47Y|ENST00000485033_p.C47Y,chr7 g.149417204G>A,KRBA1,mutPept9,C038_0038
TM2_10482,SATSYSASLVHPPSS,HLA-B*35:02,NA,ENST00000251076_p.Q2736L|ENST00000449909_p.Q2100L|ENST00000543779_p.Q2737L,chr15 g.51749589T>A,DMXL2,mutPept9,C038_0038
TM2_01081,VTYTRGIVNLLLQGL,HLA-A*24:02,NA,ENST00000265909_p.V215I|ENST00000533214_p.V215I,chr11 g.130785192C>T,SNX19,mutPept7,C038_0038
TM2_05789,IADLIIRETRRNSIF,HLA-C*12:03,NA,ENST00000218548_p.K959E|ENST00000381946_p.K953E,chr13 g.25284691A>G,ATP12A,mutPept8,C038_0038
TM2_10520,WAAMSLISIFLPCLC,HLA-B*35:02,NA,ENST00000302805_p.L230I,chrX g.155004221C>A,SPRY3,mutPept9,C038_0038
TM2_01111,PDNTDVWDFINERLK,HLA-C*04:01,NA,ENST00000264463_p.R711W,chr5 g.24488008G>A,CDH10,mutPept7,C038_0038
TM2_01094,SVLVFISVLLMRYKV,HLA-A*01:01,NA,ENST00000246529_p.F556S|ENST00000588831_p.F556S,chr19 g.36435701T>C,LRFN3,mutPept7,C038_0038
TM2_01093,CTNMEILHFFCDPSE,HLA-B*18:01,NA,ENST00000248072_p.P175L,chr19 g.15052824C>T,OR7C2,mutPept7,C038_0038
TM2_01088,SYLEKVCQLERDNAE,HLA-A*24:02,NA,ENST00000251645_p.R75C,chr17 g.39553569G>A,KRT31,mutPept7,C038_0038
TM2_01118,QPGPAKTSPQQPGST,HLA-C*12:03,NA,ENST00000333891_p.P519T|ENST00000423517_p.P519T,chr7 g.82784402G>T,PCLO,mutPept7,C038_0038
TM2_05801,VPTPALAQIPRLVPP,HLA-B*35:02,NA,ENST00000335426_p.R80Q|ENST00000423711_p.R80Q,chr19 g.40006091G>A,SELV,mutPept8,C038_0038
TM2_01073,DDIWDESWLPLQAKM,HLA-C*04:01,NA,ENST00000294848_p.N743S|ENST00000367614_p.N743S|ENST00000444136_p.N797S,chr1 g.179631306A>G,TDRD5,mutPept7,C038_0038
TM2_01123,FAYAAGVGQLRAAVN,HLA-A*24:02,NA,ENST00000377564_p.A663V,chr9 g.43861114C>T,CNTNAP3B,mutPept7,C038_0038
TM2_01078,CSGSVEWLVECWAKC,HLA-A*01:01,NA,ENST00000370345_p.R694W,chr10 g.102256948G>A,SEC31B,mutPept7,C038_0038
TM2_01117,EEYAQHRGSGGADGG,HLA-B*18:01,NA,ENST00000360046_p.S27R|ENST00000428284_p.S27R,chr7 g.27170272G>T,HOXA4,mutPept7,C038_0038
TM2_01086,LSKVPLANNYLKNVV,HLA-C*12:03,NA,ENST00000346991_p.E2319A|ENST00000399668_p.E2293A,chr15 g.40954313A>C,CASC5,mutPept7,C038_0038
TM2_01091,FSVAYIIQEYMETDL,HLA-B*35:02,NA,ENST00000400384_p.V104I|ENST00000588540_p.V104I|ENST00000592595_p.V104I,chr18 g.48190638G>A,MAPK4,mutPept7,C038_0038
TM2_01110,KGAELYTRRQSRMEK,HLA-A*24:02,NA,ENST00000307662_p.A485T|ENST00000394243_p.A729T|ENST00000519664_p.A485T|ENST00000522122_p.A729T,chr5 g.150029290G>A,SYNPO,mutPept7,C038_0038
TM2_01079,TFLWDMLGEKSLHSL,HLA-C*04:01,NA,ENST00000337532_p.F42L|ENST00000375719_p.F42L|ENST00000375732_p.F42L|ENST00000540098_p.F42L,chr10 g.28491114A>G,MPP7,mutPept7,C038_0038
TM2_01080,SVPPHHYKLEQHQVY,HLA-B*18:01,NA,ENST00000310343_p.N1512Y|ENST00000392657_p.N1163Y|ENST00000527272_p.N1163Y,chr11 g.128840532T>A,ARHGAP32,mutPept7,C038_0038
TM2_01115,YRKAISQAGLQHLAP,HLA-C*12:03,HLA-DRB1*03:02,ENST00000288490_p.R139Q|ENST00000424189_p.R139Q|ENST00000446122_p.R139Q,chr7 g.137374734C>T,DGKI,mutPept7,C038_0038
TM2_01128,LIQKSSVEKCSVDIQ,HLA-A*01:01,NA,ENST00000229402_p.I71V,chr12 g.9752411T>C,KLRB1,mutPept7,C038_0038
TM2_01083,ADLIIRETRRNSIFQ,NA,HLA-DRB1*11:04,ENST00000218548_p.K959E|ENST00000381946_p.K953E,chr13 g.25284691A>G,ATP12A,mutPept7,C038_0038
TM2_10485,LPALTHDGHYTCTAA,NA,HLA-DRB1*03:02,ENST00000389474_p.R234H|ENST00000546268_p.R80H,chr18 g.43418887G>A,SIGLEC15,mutPept9,C038_0038
