library_member,sequence,allele,effectId,variantId,gene_name,peptide,ashion_id
TM2_01192,PNEWAWFNHYKSCRS,HLA-B*44:03,ENST00000443617_p.L3927fs,chr15 g.63932461_63932471delAGAAACATTCT,HERC1,mutPept7,C038_0044
TM2_01235,YVKILVSAVAGTITV,HLA-C*16:01,ENST00000298274_p.A816S|ENST00000361655_p.A816S|ENST00000361724_p.A816S|ENST00000373088_p.A816S|ENST00000373094_p.A816S|ENST00000373097_p.A816S|ENST00000395337_p.A816S|ENST00000406881_p.A816S|ENST00000504220_p.A816S,chrX g.91133685G>T,PCDH11X,mutPept7,C038_0044
TM2_01170,EKLTFVGFLTYDILD,HLA-A*29:02,ENST00000256594_p.D161G|ENST00000361066_p.D161G|ENST00000540225_p.D161G,chr1 g.110280176T>C,GSTM3,mutPept7,C038_0044
TM2_10633,GEAPVPVLLTPPEAP,HLA-B*40:01,ENST00000320316_p.P276L|ENST00000454255_p.P272L|ENST00000571362_p.P209L|ENST00000576955_p.P146L,chr17 g.7139419G>A,PHF23,mutPept9,C038_0044
TM2_10571,ALLSPILNVTDTKGC,HLA-A*02:01,ENST00000454679_p.A231V,chr10 g.19498422C>T,MALRD1,mutPept9,C038_0044
TM2_01241,ITAVNNLTLKVWNSY,HLA-C*16:01,ENST00000275034_p.M446L,chr6 g.79725400T>A,PHIP,mutPept7,C038_0044
TM2_01174,DLQGEVEYTHFFGVL,HLA-B*44:03,ENST00000307340_p.Y2960fs|ENST00000366943_p.Y2960fs,chr1 g.216019343_216019343delA,USH2A,mutPept7,C038_0044
TM2_10573,IEENMVEWLKRSWYA,HLA-B*40:01,ENST00000393094_p.R481fs,chr11 g.107960345_107960346insT,CUL5,mutPept9,C038_0044
TM2_01223,CVCPNGTLYLSPAGV,HLA-A*29:02,ENST00000382080_p.K290T|ENST00000421524_p.K243T,chr8 g.13948022T>G,SGCZ,mutPept7,C038_0044
TM2_05885,SLIWIDHHLQTPMYF,HLA-A*02:01,ENST00000309154_p.R52H,chr11 g.123676903C>T,OR6M1,mutPept8,C038_0044
TM2_01202,QCAKAFVQIAHLTQH,HLA-C*16:01,ENST00000537055_p.A288V,chr19 g.57175704G>A,ZNF835,mutPept7,C038_0044
TM2_10583,MEYLSLNIINGNTPE,HLA-B*40:01,ENST00000206660_p.L1027I|ENST00000307974_p.L386I|ENST00000382933_p.L353I|ENST00000400017_p.L1027I|ENST00000556336_p.L684I|ENST00000557771_p.L989I,chr14 g.21796766T>A,RPGRIP1,mutPept9,C038_0044
TM2_01175,KRDERYYFQGNQYWR,HLA-A*29:02,ENST00000368808_p.F410Y,chr10 g.127458911A>T,MMP21,mutPept7,C038_0044
TM2_10615,IEVPRQFLWKKVLLR,HLA-B*44:03,ENST00000222823_p.R344W,chr7 g.30492003G>A,NOD1,mutPept9,C038_0044
TM2_01216,LPVLLLDHSADLRPG,HLA-A*02:01,ENST00000307358_p.G245D|ENST00000382512_p.G245D,chr4 g.8293122G>A,HTRA3,mutPept7,C038_0044
TM2_10609,IAIKVSVHLQSKKEH,HLA-C*16:01,ENST00000361618_p.P323L|ENST00000393704_p.P220L,chr4 g.170912791G>A,MFAP3L,mutPept9,C038_0044
TM2_01239,EELCAQLPLCLVKIN,HLA-B*40:01,ENST00000253812_p.I99L,chr5 g.140723895A>C,PCDHGA3,mutPept7,C038_0044
TM2_01171,PRPPKKNYQKAGLYS,HLA-A*29:02,ENST00000368346_p.K1988N|ENST00000392403_p.K1988N,chr1 g.155385579C>G,ASH1L,mutPept7,C038_0044
TM2_01213,ITDLLDHSIQVHSQC,HLA-A*02:01,ENST00000357115_p.Q2592H|ENST00000510413_p.Q2581H|ENST00000535741_p.Q2581H,chr4 g.151231487T>G,LRBA,mutPept7,C038_0044
TM2_01186,HYTAFANNKDDGKWY,HLA-B*44:03,ENST00000280377_p.K897N|ENST00000353364_p.K868N|ENST00000393654_p.K872N,chr12 g.62794983A>T,USP15,mutPept7,C038_0044
